"id","ms"
"package-contains-multiple-parts (S)","261"
"many-void-attributes (S)","110"
"incorrect-package (S)","81"
"incorrect-architect (S)","69"
"empty-object (S)","247"
"unsorted-metas (S)","78"
"empty-spdx-tail (S)","76"
"unused-alias (S)","74"
"incorrect-test-object-name (S)","96"
"mandatory-package (S)","66"
"lambda-with-inners (S)","99"
"too-deep-object (S)","110"
"void-attributes-not-higher-than-other (S)","74"
"unoptimizable-recursion (S)","110"
"invalid-name-notation (S)","100"
"comment-not-capitalized (S)","60"
"meta-line-out-of-listing (S)","57"
"non-kebab-name (S)","80"
"atom-with-data (S)","72"
"syntax-version (S)","24"
"sprintf-constant-args (S)","80"
"sparse-decoration (S)","78"
"redundant-object (S)","80"
"error-line-out-of-listing (S)","43"
"atom-in-atom (S)","65"
"reserved-name (S)","40"
"missed-obfuscation (S)","59"
"object-line-out-of-listing (S)","47"
"alias-too-long (S)","42"
"prohibited-package (S)","47"
"comment-starts-with-article (S)","43"
"empty-alias (S)","48"
"redundant-attachment (S)","58"
"anemic-getter (S)","62"
"broken-alias-first (S)","48"
"not-empty-atom (S)","64"
"mandatory-version (S)","52"
"bytes-without-data (S)","84"
"incorrect-home (S)","48"
"unit-test-without-phi (S)","71"
"broad-scope (S)","58"
"compound-name (S)","59"
"incorrect-jvm-rt-location (S)","74"
"phi-is-not-first (S)","48"
"unique-metas (S)","41"
"comment-without-dot (S)","38"
"mandatory-home (S)","38"
"bad-test-name (S)","47"
"schema-is-absent (S)","54"
"decorated-formation (S)","59"
"pos-without-line (S)","50"
"identity-object (S)","52"
"wrong-sprintf-arguments (S)","55"
"application-without-as-attributes (S)","201"
"sprintf-without-formatters (S)","48"
"object-has-data (S)","106"
"unit-test-missing (S)","55"
"incorrect-version (S)","43"
"incorrect-rt-parts (S)","47"
"mandatory-architect (S)","40"
"unknown-metas (S)","41"
"unknown-rt (S)","42"
"rt-without-atoms (S)","48"
"atom-and-base (S)","49"
"duplicate-as-attribute (S)","55"
"comment-too-short (S)","39"
"ascii-only (S)","14"
"unsorted-named-attributes (S)","54"
"wrong-test-order (S)","46"
"direct-phi (S)","51"
"incorrect-node-rt-location (S)","40"
"duplicate-metas (S)","40"
"anonymous-objects-inside-formation (S)","53"
"line-is-absent (S)","69"
"atom-without-rt (S)","51"
"incorrect-spdx (S)","44"
"formation-with-as-attributes (S)","41"
"named-object-abstract-nested (S)","47"
"broken-alias-second (S)","46"
"unit-test-is-not-verb (S)","21"
"no-attribute-formation (S)","48"
"comment-is-too-wide (S)","41"
"test-with-comment (S)","44"
"incorrect-bytes-format (S)","53"
"test-word (S)","55"
"same-package-alias (S)","49"
"anonymous-formation (S)","55"
"excessive-visibility (S)","48"
"mandatory-spdx (S)","38"
"self-referencing (S)","43"
"sparse-seq (S)","47"
"name-outside-of-abstract-object (S)","41"
"incorrect-unlint (S)","15"
"unlint-non-existing-defect (S)","15"
"broken-alias-first (M)","51"
"broad-scope (M)","47"
"comment-is-too-wide (M)","32"
"bad-test-name (M)","55"
"unknown-metas (M)","40"
"sprintf-constant-args (M)","40"
"rt-without-atoms (M)","46"
"non-kebab-name (M)","34"
"decorated-formation (M)","34"
"atom-in-atom (M)","34"
"direct-phi (M)","33"
"object-line-out-of-listing (M)","28"
"wrong-sprintf-arguments (M)","29"
"excessive-visibility (M)","29"
"anonymous-objects-inside-formation (M)","39"
"sparse-seq (M)","29"
"schema-is-absent (M)","23"
"unknown-rt (M)","23"
"atom-with-data (M)","32"
"invalid-name-notation (M)","53"
"meta-line-out-of-listing (M)","24"
"incorrect-home (M)","24"
"incorrect-test-object-name (M)","41"
"comment-without-dot (M)","24"
"test-with-comment (M)","28"
"phi-is-not-first (M)","32"
"mandatory-home (M)","24"
"sprintf-without-formatters (M)","29"
"package-contains-multiple-parts (M)","23"
"alias-too-long (M)","23"
"mandatory-version (M)","24"
"unused-alias (M)","24"
"not-empty-atom (M)","39"
"mandatory-package (M)","25"
"error-line-out-of-listing (M)","25"
"no-attribute-formation (M)","29"
"unique-metas (M)","23"
"empty-spdx-tail (M)","23"
"missed-obfuscation (M)","29"
"incorrect-version (M)","24"
"incorrect-package (M)","24"
"redundant-object (M)","45"
"mandatory-architect (M)","24"
"mandatory-spdx (M)","24"
"unit-test-is-not-verb (M)","106"
"unoptimizable-recursion (M)","53"
"incorrect-node-rt-location (M)","40"
"compound-name (M)","57"
"bytes-without-data (M)","38"
"anonymous-formation (M)","47"
"test-word (M)","28"
"incorrect-spdx (M)","23"
"empty-alias (M)","29"
"atom-and-base (M)","35"
"redundant-attachment (M)","27"
"broken-alias-second (M)","24"
"too-deep-object (M)","110"
"named-object-abstract-nested (M)","27"
"incorrect-architect (M)","24"
"object-has-data (M)","294"
"atom-without-rt (M)","56"
"formation-with-as-attributes (M)","46"
"duplicate-metas (M)","33"
"unit-test-missing (M)","45"
"sparse-decoration (M)","32"
"unsorted-metas (M)","24"
"anemic-getter (M)","31"
"prohibited-package (M)","23"
"name-outside-of-abstract-object (M)","28"
"pos-without-line (M)","28"
"reserved-name (M)","53"
"duplicate-as-attribute (M)","59"
"many-void-attributes (M)","29"
"application-without-as-attributes (M)","273"
"empty-object (M)","142"
"lambda-with-inners (M)","55"
"comment-not-capitalized (M)","39"
"incorrect-jvm-rt-location (M)","31"
"void-attributes-not-higher-than-other (M)","29"
"same-package-alias (M)","23"
"line-is-absent (M)","107"
"unsorted-named-attributes (M)","60"
"comment-starts-with-article (M)","28"
"incorrect-rt-parts (M)","23"
"wrong-test-order (M)","43"
"incorrect-bytes-format (M)","70"
"syntax-version (M)","24"
"self-referencing (M)","27"
"identity-object (M)","29"
"ascii-only (M)","28"
"unit-test-without-phi (M)","34"
"comment-too-short (M)","31"
"incorrect-unlint (M)","31"
"unlint-non-existing-defect (M)","24"
"sprintf-constant-args (L)","103"
"same-package-alias (L)","47"
"unoptimizable-recursion (L)","71"
"too-deep-object (L)","214"
"comment-starts-with-article (L)","45"
"incorrect-node-rt-location (L)","43"
"sparse-seq (L)","60"
"line-is-absent (L)","126"
"invalid-name-notation (L)","94"
"application-without-as-attributes (L)","477"
"incorrect-version (L)","52"
"missed-obfuscation (L)","60"
"unknown-metas (L)","43"
"comment-without-dot (L)","45"
"no-attribute-formation (L)","57"
"reserved-name (L)","112"
"bad-test-name (L)","74"
"incorrect-test-object-name (L)","76"
"ascii-only (L)","49"
"identity-object (L)","60"
"mandatory-architect (L)","43"
"sprintf-without-formatters (L)","64"
"test-with-comment (L)","43"
"duplicate-as-attribute (L)","72"
"object-has-data (L)","191"
"wrong-sprintf-arguments (L)","58"
"syntax-version (L)","42"
"incorrect-package (L)","43"
"empty-spdx-tail (L)","51"
"mandatory-spdx (L)","46"
"excessive-visibility (L)","56"
"rt-without-atoms (L)","69"
"object-line-out-of-listing (L)","57"
"broken-alias-second (L)","42"
"mandatory-version (L)","42"
"bytes-without-data (L)","69"
"mandatory-package (L)","45"
"unsorted-metas (L)","43"
"schema-is-absent (L)","42"
"anemic-getter (L)","63"
"incorrect-rt-parts (L)","43"
"incorrect-bytes-format (L)","90"
"error-line-out-of-listing (L)","44"
"broad-scope (L)","54"
"self-referencing (L)","57"
"atom-and-base (L)","70"
"anonymous-objects-inside-formation (L)","57"
"name-outside-of-abstract-object (L)","65"
"unique-metas (L)","43"
"unknown-rt (L)","46"
"void-attributes-not-higher-than-other (L)","58"
"direct-phi (L)","70"
"comment-too-short (L)","44"
"duplicate-metas (L)","43"
"unsorted-named-attributes (L)","67"
"unused-alias (L)","43"
"incorrect-spdx (L)","43"
"non-kebab-name (L)","55"
"not-empty-atom (L)","80"
"empty-object (L)","149"
"redundant-attachment (L)","57"
"decorated-formation (L)","61"
"prohibited-package (L)","43"
"sparse-decoration (L)","75"
"comment-not-capitalized (L)","43"
"formation-with-as-attributes (L)","57"
"compound-name (L)","96"
"redundant-object (L)","101"
"package-contains-multiple-parts (L)","44"
"named-object-abstract-nested (L)","56"
"alias-too-long (L)","42"
"meta-line-out-of-listing (L)","54"
"phi-is-not-first (L)","68"
"anonymous-formation (L)","86"
"incorrect-architect (L)","46"
"atom-in-atom (L)","67"
"unit-test-without-phi (L)","72"
"pos-without-line (L)","54"
"broken-alias-first (L)","51"
"test-word (L)","64"
"unit-test-is-not-verb (L)","116"
"many-void-attributes (L)","54"
"lambda-with-inners (L)","68"
"atom-with-data (L)","70"
"atom-without-rt (L)","68"
"mandatory-home (L)","43"
"incorrect-jvm-rt-location (L)","42"
"comment-is-too-wide (L)","43"
"empty-alias (L)","52"
"incorrect-home (L)","44"
"unit-test-missing (L)","73"
"wrong-test-order (L)","71"
"incorrect-unlint (L)","48"
"unlint-non-existing-defect (L)","42"
"unknown-rt (XL)","73"
"sprintf-without-formatters (XL)","116"
"package-contains-multiple-parts (XL)","69"
"not-empty-atom (XL)","123"
"incorrect-bytes-format (XL)","181"
"test-word (XL)","115"
"anonymous-objects-inside-formation (XL)","96"
"unique-metas (XL)","69"
"pos-without-line (XL)","89"
"identity-object (XL)","96"
"incorrect-package (XL)","69"
"meta-line-out-of-listing (XL)","69"
"comment-not-capitalized (XL)","69"
"incorrect-spdx (XL)","70"
"sparse-decoration (XL)","106"
"missed-obfuscation (XL)","90"
"redundant-attachment (XL)","86"
"atom-with-data (XL)","107"
"mandatory-version (XL)","78"
"reserved-name (XL)","182"
"ascii-only (XL)","65"
"bytes-without-data (XL)","104"
"non-kebab-name (XL)","87"
"anonymous-formation (XL)","111"
"decorated-formation (XL)","90"
"phi-is-not-first (XL)","107"
"test-with-comment (XL)","66"
"named-object-abstract-nested (XL)","85"
"duplicate-metas (XL)","89"
"incorrect-test-object-name (XL)","116"
"compound-name (XL)","155"
"unused-alias (XL)","67"
"comment-starts-with-article (XL)","67"
"error-line-out-of-listing (XL)","67"
"void-attributes-not-higher-than-other (XL)","96"
"name-outside-of-abstract-object (XL)","85"
"direct-phi (XL)","98"
"incorrect-node-rt-location (XL)","67"
"lambda-with-inners (XL)","125"
"many-void-attributes (XL)","88"
"broken-alias-first (XL)","67"
"broad-scope (XL)","85"
"rt-without-atoms (XL)","106"
"comment-without-dot (XL)","66"
"empty-alias (XL)","66"
"syntax-version (XL)","66"
"alias-too-long (XL)","67"
"line-is-absent (XL)","182"
"mandatory-package (XL)","94"
"empty-spdx-tail (XL)","67"
"self-referencing (XL)","86"
"comment-too-short (XL)","67"
"mandatory-home (XL)","72"
"atom-and-base (XL)","107"
"broken-alias-second (XL)","67"
"mandatory-spdx (XL)","67"
"atom-in-atom (XL)","106"
"invalid-name-notation (XL)","172"
"bad-test-name (XL)","118"
"incorrect-version (XL)","67"
"incorrect-rt-parts (XL)","67"
"mandatory-architect (XL)","88"
"empty-object (XL)","248"
"comment-is-too-wide (XL)","67"
"unoptimizable-recursion (XL)","90"
"object-line-out-of-listing (XL)","89"
"unit-test-without-phi (XL)","118"
"formation-with-as-attributes (XL)","111"
"same-package-alias (XL)","68"
"sparse-seq (XL)","93"
"wrong-sprintf-arguments (XL)","92"
"incorrect-jvm-rt-location (XL)","67"
"prohibited-package (XL)","67"
"atom-without-rt (XL)","128"
"incorrect-architect (XL)","68"
"unsorted-metas (XL)","67"
"wrong-test-order (XL)","117"
"too-deep-object (XL)","362"
"duplicate-as-attribute (XL)","532"
"unsorted-named-attributes (XL)","105"
"unit-test-is-not-verb (XL)","187"
"incorrect-home (XL)","68"
"unknown-metas (XL)","70"
"schema-is-absent (XL)","70"
"no-attribute-formation (XL)","95"
"redundant-object (XL)","156"
"excessive-visibility (XL)","94"
"unit-test-missing (XL)","117"
"application-without-as-attributes (XL)","647"
"anemic-getter (XL)","86"
"sprintf-constant-args (XL)","101"
"object-has-data (XL)","306"
"incorrect-unlint (XL)","92"
"unlint-non-existing-defect (XL)","66"
"redundant-attachment (XXL)","475"
"empty-alias (XXL)","334"
"mandatory-spdx (XXL)","336"
"meta-line-out-of-listing (XXL)","337"
"not-empty-atom (XXL)","575"
"unknown-rt (XXL)","307"
"non-kebab-name (XXL)","409"
"mandatory-package (XXL)","356"
"application-without-as-attributes (XXL)","3306"
"decorated-formation (XXL)","476"
"unknown-metas (XXL)","372"
"direct-phi (XXL)","487"
"wrong-sprintf-arguments (XXL)","474"
"invalid-name-notation (XXL)","888"
"object-has-data (XXL)","1607"
"wrong-test-order (XXL)","597"
"sprintf-without-formatters (XXL)","441"
"redundant-object (XXL)","1076"
"comment-without-dot (XXL)","358"
"empty-object (XXL)","1313"
"lambda-with-inners (XXL)","516"
"anonymous-formation (XXL)","569"
"compound-name (XXL)","942"
"no-attribute-formation (XXL)","436"
"same-package-alias (XXL)","330"
"identity-object (XXL)","460"
"excessive-visibility (XXL)","480"
"unit-test-without-phi (XXL)","620"
"test-with-comment (XXL)","310"
"comment-starts-with-article (XXL)","304"
"unused-alias (XXL)","305"
"incorrect-home (XXL)","306"
"duplicate-as-attribute (XXL)","1561"
"object-line-out-of-listing (XXL)","417"
"incorrect-test-object-name (XXL)","559"
"incorrect-spdx (XXL)","322"
"incorrect-rt-parts (XXL)","306"
"atom-and-base (XXL)","514"
"reserved-name (XXL)","920"
"schema-is-absent (XXL)","353"
"comment-too-short (XXL)","306"
"sparse-decoration (XXL)","481"
"many-void-attributes (XXL)","407"
"broken-alias-second (XXL)","304"
"mandatory-home (XXL)","342"
"rt-without-atoms (XXL)","514"
"incorrect-jvm-rt-location (XXL)","303"
"comment-is-too-wide (XXL)","306"
"unique-metas (XXL)","343"
"incorrect-bytes-format (XXL)","793"
"mandatory-version (XXL)","306"
"atom-in-atom (XXL)","555"
"sprintf-constant-args (XXL)","486"
"unsorted-named-attributes (XXL)","502"
"missed-obfuscation (XXL)","428"
"atom-with-data (XXL)","553"
"bad-test-name (XXL)","599"
"mandatory-architect (XXL)","344"
"alias-too-long (XXL)","341"
"name-outside-of-abstract-object (XXL)","501"
"too-deep-object (XXL)","1816"
"phi-is-not-first (XXL)","551"
"named-object-abstract-nested (XXL)","490"
"error-line-out-of-listing (XXL)","308"
"bytes-without-data (XXL)","492"
"empty-spdx-tail (XXL)","305"
"incorrect-architect (XXL)","307"
"unit-test-missing (XXL)","574"
"syntax-version (XXL)","305"
"unsorted-metas (XXL)","303"
"pos-without-line (XXL)","406"
"comment-not-capitalized (XXL)","310"
"anemic-getter (XXL)","438"
"test-word (XXL)","424"
"prohibited-package (XXL)","307"
"atom-without-rt (XXL)","511"
"incorrect-node-rt-location (XXL)","306"
"anonymous-objects-inside-formation (XXL)","447"
"line-is-absent (XXL)","921"
"package-contains-multiple-parts (XXL)","307"
"formation-with-as-attributes (XXL)","411"
"broad-scope (XXL)","512"
"duplicate-metas (XXL)","310"
"broken-alias-first (XXL)","304"
"unoptimizable-recursion (XXL)","424"
"self-referencing (XXL)","407"
"ascii-only (XXL)","339"
"void-attributes-not-higher-than-other (XXL)","443"
"incorrect-version (XXL)","306"
"unit-test-is-not-verb (XXL)","901"
"incorrect-package (XXL)","482"
"sparse-seq (XXL)","461"
"incorrect-unlint (XXL)","306"
"unlint-non-existing-defect (XXL)","304"
